{
  "eye": {
    "orientation": [
      -0.8119704127311707,
      -0.028462858870625496,
      -0.24808169901371002,
      0.5275882482528687
    ],
    "magnitude": 1,
    "position": [
      105.46857452392578,
      246.308837890625,
      -90.59970092773438
    ]
  },
  "radius": 200,
  "type": "PERSPECTIVE"
}